head,51305,97.46390578
html,51190,97.24544073
a,50845,96.59004559
title,50663,96.24430091
body,50477,95.89095745
div,50224,95.41033435
script,50148,95.26595745
meta,50122,95.21656535
link,49383,93.81268997
img,49127,93.32636778
span,46816,88.93617021
input,44797,85.10068389
li,44398,84.34270517
ul,44217,83.99886018
p,43660,82.94072948
form,43549,82.72986322
br,41714,79.24392097
h1,36176,68.72340426
h2,30875,58.6531155
style,29445,55.93655015
noscript,28601,54.33320669
h3,27667,52.55889058
strong,27153,51.58244681
label,25242,47.95212766
td,25059,47.60448328
table,25051,47.58928571
tr,25006,47.50379939
b,21558,40.95364742
iframe,17260,32.7887538
select,17053,32.39551672
option,16777,31.87120061
h4,16456,31.26139818
button,14503,27.55129179
i,14237,27.04597264
nav,12819,24.35220365
header,12739,24.20022796
footer,12229,23.23138298
hr,12194,23.16489362
em,10637,20.20706687
fieldset,8805,16.72682371
section,8784,16.68693009
ol,7885,14.97910334
center,7755,14.73214286
tbody,7424,14.10334347
h5,7183,13.64551672
font,7115,13.51633739
textarea,6776,12.87234043
dl,6466,12.28343465
dd,6163,11.70782675
dt,5877,11.16451368
th,5714,10.85486322
aside,5442,10.3381459
small,5428,10.31155015
article,5411,10.27925532
base,4308,8.183890578
h6,3756,7.135258359
blockquote,2770,5.262158055
thead,2691,5.112082067
abbr,2537,4.819528875
map,2509,4.766337386
ins,2500,4.749240122
area,2485,4.720744681
legend,2446,4.646656535
time,2399,4.557370821
u,2212,4.20212766
sup,2160,4.103343465
optgroup,2120,4.027355623
figure,1818,3.453647416
object,1681,3.193389058
param,1612,3.06231003
address,1413,2.684270517
cite,1295,2.460106383
embed,1220,2.317629179
svg,1201,2.281534954
main,1106,2.10106383
figcaption,1065,2.023176292
pre,995,1.890197568
hgroup,984,1.869300912
path,947,1.799012158
nobr,880,1.671732523
variable,787,1.49506079
g,713,1.354483283
code,697,1.324088146
col,659,1.251899696
caption,574,1.090425532
group,475,0.902355623
big,417,0.792173252
colgroup,413,0.784574468
defs,409,0.776975684
tfoot,396,0.752279635
source,346,0.657294833
clippath,343,0.651595745
del,325,0.617401216
s,298,0.566109422
menu,289,0.549012158
video,286,0.54331307
strike,281,0.53381459
image,256,0.486322188
key,241,0.457826748
db,230,0.436930091
dataobject,227,0.431231003
attribute,226,0.429331307
banner,208,0.395136778
l,205,0.38943769
sub,204,0.387537994
sort,204,0.387537994
noindex,195,0.370440729
tt,186,0.353343465
rect,167,0.31724924
new,164,0.311550152
marquee,152,0.288753799
var,147,0.279255319
wbr,141,0.267857143
polygon,141,0.267857143
frameset,133,0.252659574
frame,133,0.252659574
acronym,124,0.23556231
use,110,0.208966565
audio,109,0.207066869
picture,106,0.201367781
canvas,103,0.195668693
kbd,102,0.193768997
dfn,102,0.193768997
xml,94,0.178571429
q,91,0.17287234
noframes,84,0.159574468
url,83,0.157674772
circle,71,0.134878419
urlset,66,0.125379939
loc,66,0.125379939
empty,63,0.119680851
symbol,58,0.110182371
topic,56,0.106382979
if,56,0.106382979
mark,51,0.096884498
sum,50,0.094984802
lastdotpos,47,0.089285714
list,45,0.085486322
desc,43,0.08168693
root,42,0.079787234
line,42,0.079787234
h7,42,0.079787234
filter,41,0.077887538
maxwidth,40,0.075987842
ignoreurlreformat,40,0.075987842
basefont,38,0.07218845
text,36,0.068389058
prepend,35,0.066489362
date,35,0.066489362
none,33,0.06268997
plaintext,31,0.058890578
newviewablearea,31,0.058890578
back,30,0.056990881
csscriptdict,29,0.055091185
users,28,0.053191489
user,28,0.053191489
heading,28,0.053191489
fegaussianblur,28,0.053191489
previous,26,0.049392097
item,26,0.049392097
csactiondict,26,0.049392097
abstract,26,0.049392097
tpl,24,0.045592705
description,24,0.045592705
stop,22,0.041793313
license,22,0.041793313
layer,22,0.041793313
work,21,0.039893617
bdi,21,0.039893617
zw,20,0.037993921
qz,20,0.037993921
qwh,20,0.037993921
qt,20,0.037993921
qq,20,0.037993921
oe,20,0.037993921
o,20,0.037993921
lineargradient,20,0.037993921
isfiftyonewelcomemat,20,0.037993921
hme,20,0.037993921
gz,20,0.037993921
fcmn,20,0.037993921
value,19,0.036094225
right,19,0.036094225
requires,19,0.036094225
permits,19,0.036094225
left,19,0.036094225
content,19,0.036094225
spacer,18,0.034194529
seo,18,0.034194529
esc,18,0.034194529
byline,18,0.034194529
blink,18,0.034194529
ilayer,17,0.032294833
than,16,0.030395137
summary,16,0.030395137
cfoutput,16,0.030395137
teasetext,15,0.028495441
sliderelementcount,15,0.028495441
noembed,15,0.028495441
is,15,0.028495441
id,15,0.028495441
dashindex,15,0.028495441
control,15,0.028495441
applet,15,0.028495441
animatetransform,15,0.028495441
pubdate,14,0.026595745
n,14,0.026595745
mvcurl,14,0.026595745
mvcseotitle,14,0.026595745
mvcseokeywords,14,0.026595745
mvcseodescription,14,0.026595745
module,14,0.026595745
lh,14,0.026595745
framset,14,0.026595745
else,14,0.026595745
config,14,0.026595745
triggeriny,13,0.024696049
print,13,0.024696049
polyline,13,0.024696049
ot,13,0.024696049
osv,13,0.024696049
mv,13,0.024696049
mmv,13,0.024696049
h8,13,0.024696049
extrainstructions,13,0.024696049
csobj,13,0.024696049
controls,13,0.024696049
snbuttons,12,0.022796353
samp,12,0.022796353
rss,12,0.022796353
notes,12,0.022796353
minkeywordlength,12,0.022796353
isactivedatahead,12,0.022796353
fecolormatrix,12,0.022796353
end,12,0.022796353
channel,12,0.022796353
bold,12,0.022796353
set,11,0.020896657
sectioncontent,11,0.020896657
prohibits,11,0.020896657
h,11,0.020896657
dbinclude,11,0.020896657
d,11,0.020896657
category,11,0.020896657
block,11,0.020896657
after,11,0.020896657
stringkeystringvalues,10,0.01899696
response,10,0.01899696
name,10,0.01899696
inpu,10,0.01899696
icon,10,0.01899696
headline,10,0.01899696
forcenavwrite,10,0.01899696
figref,10,0.01899696
difi,10,0.01899696
csimport,10,0.01899696
creativestringvalues,10,0.01899696
creativeintvalues,10,0.01899696
city,10,0.01899696
append,10,0.01899696
width,9,0.017097264
scipt,9,0.017097264
placeholder,9,0.017097264
pattern,9,0.017097264
pages,9,0.017097264
navigation,9,0.017097264
eonelink,9,0.017097264
eonecategory,9,0.017097264
dir,9,0.017097264
bdo,9,0.017097264
state,8,0.015197568
space,8,0.015197568
reference,8,0.015197568
position,8,0.015197568
nowrap,8,0.015197568
meaningful,8,0.015197568
language,8,0.015197568
height,8,0.015197568
for,8,0.015197568
eonenotavailable,8,0.015197568
eonelinkhref,8,0.015197568
eonelinkdata,8,0.015197568
eoneitemid,8,0.015197568
eonehref,8,0.015197568
eonedescription,8,0.015197568
eonecategorycell,8,0.015197568
eoneavailable,8,0.015197568
dbsetvar,8,0.015197568
data,8,0.015197568
cufontext,8,0.015197568
cufon,8,0.015197568
contentpath,8,0.015197568
breadcrumb,8,0.015197568
ad,8,0.015197568
accordion,8,0.015197568
type,7,0.013297872
tsplit,7,0.013297872
tradeit,7,0.013297872
thumbnailtemplate,7,0.013297872
submit,7,0.013297872
st,7,0.013297872
smoothie,7,0.013297872
progress,7,0.013297872
person,7,0.013297872
nrs,7,0.013297872
mrow,7,0.013297872
monte,7,0.013297872
mo,7,0.013297872
mn,7,0.013297872
mi,7,0.013297872
mcc,7,0.013297872
math,7,0.013297872
marker,7,0.013297872
lastbuilddate,7,0.013297872
lable,7,0.013297872
keeper,7,0.013297872
isinputfield,7,0.013297872
isgigyaloginaccount,7,0.013297872
icomoon,7,0.013297872
ftebnu,7,0.013297872
eoneitemlink,7,0.013297872
comment,7,0.013297872
author,7,0.013297872
asi,7,0.013297872
wrapper,6,0.011398176
vastadtaguri,6,0.011398176
vast,6,0.011398176
userslen,6,0.011398176
sortoptions,6,0.011398176
phrase,6,0.011398176
phone,6,0.011398176
or,6,0.011398176
msup,6,0.011398176
msub,6,0.011398176
min,6,0.011398176
mfrac,6,0.011398176
maxamineignore,6,0.011398176
jsl,6,0.011398176
generator,6,0.011398176
fasx,6,0.011398176
eonefirststyle,6,0.011398176
e,6,0.011398176
details,6,0.011398176
dataset,6,0.011398176
datalist,6,0.011398176
cfprocessingdirective,6,0.011398176
cfcontent,6,0.011398176
categories,6,0.011398176
browse,6,0.011398176
blogfeeds,6,0.011398176
blank,6,0.011398176
basefonf,6,0.011398176
associate,6,0.011398176
adsystem,6,0.011398176
zipcode,5,0.00949848
xa,5,0.00949848
welcome,5,0.00949848
ui,5,0.00949848
tpid,5,0.00949848
ssinfo,5,0.00949848
specialoffersignup,5,0.00949848
sp,5,0.00949848
slide,5,0.00949848
ruby,5,0.00949848
rt,5,0.00949848
rp,5,0.00949848
perpage,5,0.00949848
passwordinitial,5,0.00949848
passwordconfirm,5,0.00949848
page,5,0.00949848
org,5,0.00949848
oparam,5,0.00949848
numofpages,5,0.00949848
mtr,5,0.00949848
mtd,5,0.00949848
mtable,5,0.00949848
msubsup,5,0.00949848
mover,5,0.00949848
login,5,0.00949848
leftintervalheight,5,0.00949848
lastname,5,0.00949848
largeversionminimumscreensize,5,0.00949848
htmlblock,5,0.00949848
guid,5,0.00949848
guestccrecord,5,0.00949848
guest,5,0.00949848
game,5,0.00949848
fragmentinstance,5,0.00949848
flashbordercolor,5,0.00949848
flashbackgroundcolor,5,0.00949848
firstname,5,0.00949848
file,5,0.00949848
fax,5,0.00949848
f,5,0.00949848
emailaddressalternate,5,0.00949848
elem,5,0.00949848
eevalid,5,0.00949848
eapid,5,0.00949848
customfields,5,0.00949848
customfield,5,0.00949848
creditcardishidden,5,0.00949848
creditcardexpirationyear,5,0.00949848
creditcardexpirationmonth,5,0.00949848
creditcardbillingname,5,0.00949848
creditcardbillingaddress,5,0.00949848
cr,5,0.00949848
country,5,0.00949848
copyright,5,0.00949848
contenty,5,0.00949848
companyname,5,0.00949848
cctype,5,0.00949848
ccnumber,5,0.00949848
ccguestid,5,0.00949848
ccexpirationyear,5,0.00949848
ccexpirationmonth,5,0.00949848
ccbillingname,5,0.00949848
ccbillingaddress,5,0.00949848
carousel,5,0.00949848
bi,5,0.00949848
addressother,5,0.00949848
year,4,0.007598784
y,4,0.007598784
used,4,0.007598784
team,4,0.007598784
switchregioncontent,4,0.007598784
super,4,0.007598784
supcontent,4,0.007598784
suggestions,4,0.007598784
success,4,0.007598784
startatpr,4,0.007598784
sku,4,0.007598784
search,4,0.007598784
scripts,4,0.007598784
region,4,0.007598784
product,4,0.007598784
prevdecreasingslope,4,0.007598784
preform,4,0.007598784
nolayer,4,0.007598784
nocleanuptag,4,0.007598784
nbsp,4,0.007598784
migrate,4,0.007598784
mfenced,4,0.007598784
metal,4,0.007598784
media,4,0.007598784
matches,4,0.007598784
location,4,0.007598784
large,4,0.007598784
italic,4,0.007598784
invalidtag,4,0.007598784
insert,4,0.007598784
include,4,0.007598784
iespan,4,0.007598784
iediv,4,0.007598784
headerbottom,4,0.007598784
hbm,4,0.007598784
fpevcg,4,0.007598784
featured,4,0.007598784
error,4,0.007598784
eonelinklongdesc,4,0.007598784
ellipse,4,0.007598784
device,4,0.007598784
de,4,0.007598784
csactions,4,0.007598784
csaction,4,0.007598784
company,4,0.007598784
clip,4,0.007598784
choosemanagedquerytext,4,0.007598784
chart,4,0.007598784
bodytext,4,0.007598784
bgsound,4,0.007598784
ascript,4,0.007598784
appid,4,0.007598784
agent,4,0.007598784
adress,4,0.007598784
acctnum,4,0.007598784
acctname,4,0.007598784
z,3,0.005699088
ylastname,3,0.005699088
von,3,0.005699088
vignname,3,0.005699088
videoclicks,3,0.005699088
valueof,3,0.005699088
tspan,3,0.005699088
trackingevents,3,0.005699088
tracking,3,0.005699088
tooltip,3,0.005699088
ticker,3,0.005699088
thirdtag,3,0.005699088
tgroup,3,0.005699088
tables,3,0.005699088
string,3,0.005699088
stream,3,0.005699088
stotal,3,0.005699088
start,3,0.005699088
spinner,3,0.005699088
slider,3,0.005699088
skipdirective,3,0.005699088
skipbeacon,3,0.005699088
session,3,0.005699088
selectedpodconfigid,3,0.005699088
selectedapnum,3,0.005699088
secondtag,3,0.005699088
searchflight,3,0.005699088
saparticle,3,0.005699088
rooms,3,0.005699088
results,3,0.005699088
result,3,0.005699088
rb,3,0.005699088
quote,3,0.005699088
price,3,0.005699088
popup,3,0.005699088
plus,3,0.005699088
place,3,0.005699088
orgid,3,0.005699088
options,3,0.005699088
ok,3,0.005699088
ntptpssd,3,0.005699088
note,3,0.005699088
not,3,0.005699088
nosolr,3,0.005699088
nofollow,3,0.005699088
noadimpression,3,0.005699088
munder,3,0.005699088
mtext,3,0.005699088
msqrt,3,0.005699088
locale,3,0.005699088
linear,3,0.005699088
lightbox,3,0.005699088
len,3,0.005699088
later,3,0.005699088
jesus,3,0.005699088
inlinereplace,3,0.005699088
inline,3,0.005699088
impression,3,0.005699088
imageuploadservice,3,0.005699088
imagecacherooms,3,0.005699088
imagecachecustom,3,0.005699088
headroom,3,0.005699088
h9,3,0.005699088
frameservice,3,0.005699088
foreignobject,3,0.005699088
firsttag,3,0.005699088
extensions,3,0.005699088
extension,3,0.005699088
expiredate,3,0.005699088
eoneitemattribute,3,0.005699088
eoneaddress,3,0.005699088
element,3,0.005699088
duty,3,0.005699088
droplet,3,0.005699088
dropdown,3,0.005699088
domain,3,0.005699088
doctype,3,0.005699088
docs,3,0.005699088
dlerooturl,3,0.005699088
dimensions,3,0.005699088
designertempnode,3,0.005699088
dbvar,3,0.005699088
dbset,3,0.005699088
creatives,3,0.005699088
creative,3,0.005699088
contentwidth,3,0.005699088
compositescript,3,0.005699088
command,3,0.005699088
colspec,3,0.005699088
clicktracking,3,0.005699088
cfinclude,3,0.005699088
brand,3,0.005699088
bodyy,3,0.005699088
badge,3,0.005699088
authtoken,3,0.005699088
asset,3,0.005699088
apikey,3,0.005699088
and,3,0.005699088
addata,3,0.005699088
accountservice,3,0.005699088
xxa,2,0.003799392
xsubscribeblockx,2,0.003799392
xiframe,2,0.003799392
xhtml,2,0.003799392
x,2,0.003799392
writeoff,2,0.003799392
windowwidth,2,0.003799392
windowheight,2,0.003799392
where,2,0.003799392
videotag,2,0.003799392
uss,2,0.003799392
uses,2,0.003799392
usaswimming,2,0.003799392
usaswim,2,0.003799392
usa,2,0.003799392
us,2,0.003799392
urltype,2,0.003799392
twitterurl,2,0.003799392
thumbnailwidth,2,0.003799392
thumbnailheight,2,0.003799392
tel,2,0.003799392
tags,2,0.003799392
tag,2,0.003799392
switch,2,0.003799392
swimming,2,0.003799392
supcontentreg,2,0.003799392
subtitle,2,0.003799392
su,2,0.003799392
styles,2,0.003799392
streamtype,2,0.003799392
story,2,0.003799392
statecode,2,0.003799392
starty,2,0.003799392
startoffset,2,0.003799392
split,2,0.003799392
speed,2,0.003799392
spasn,2,0.003799392
spanpintrest,2,0.003799392
smmall,2,0.003799392
slides,2,0.003799392
size,2,0.003799392
sitestring,2,0.003799392
sitedomain,2,0.003799392
sidebarheight,2,0.003799392
show,2,0.003799392
shareicons,2,0.003799392
share,2,0.003799392
sequence,2,0.003799392
separatortemplate,2,0.003799392
seml,2,0.003799392
seekbarpreview,2,0.003799392
searchindex,2,0.003799392
scrollspot,2,0.003799392
scrollpos,2,0.003799392
scotus,2,0.003799392
row,2,0.003799392
resprofilerph,2,0.003799392
resprofile,2,0.003799392
research,2,0.003799392
remarks,2,0.003799392
relatedvideoslink,2,0.003799392
regminprice,2,0.003799392
radialgradient,2,0.003799392
query,2,0.003799392
publicationdate,2,0.003799392
profileid,2,0.003799392
profile,2,0.003799392
products,2,0.003799392
preview,2,0.003799392
prev,2,0.003799392
postalcode,2,0.003799392
postaladdresses,2,0.003799392
postaladdress,2,0.003799392
pos,2,0.003799392
playlist,2,0.003799392
parentwidth,2,0.003799392
pagebreak,2,0.003799392
omniture,2,0.003799392
ometrics,2,0.003799392
offsetheight,2,0.003799392
numberofimages,2,0.003799392
null,2,0.003799392
nowiki,2,0.003799392
normal,2,0.003799392
namesur,2,0.003799392
mstyle,2,0.003799392
models,2,0.003799392
model,2,0.003799392
minprice,2,0.003799392
mfresortprofileid,2,0.003799392
mfresort,2,0.003799392
mfprimaryyn,2,0.003799392
mfnamecode,2,0.003799392
mfguestpriv,2,0.003799392
mfcommissioncurrencycode,2,0.003799392
mfallowsms,2,0.003799392
mfallowphone,2,0.003799392
mfallowemail,2,0.003799392
metacontent,2,0.003799392
maths,2,0.003799392
mask,2,0.003799392
makes,2,0.003799392
make,2,0.003799392
mainorarchivepage,2,0.003799392
longitude,2,0.003799392
lm,2,0.003799392
literal,2,0.003799392
linkoff,2,0.003799392
linkleft,2,0.003799392
latitude,2,0.003799392
lastupdatercode,2,0.003799392
lastupdated,2,0.003799392
lang,2,0.003799392
j,2,0.003799392
itemtemplate,2,0.003799392
it,2,0.003799392
iscontentasset,2,0.003799392
interval,2,0.003799392
interaction,2,0.003799392
info,2,0.003799392
individualname,2,0.003799392
index,2,0.003799392
imageurl,2,0.003799392
heiliges,2,0.003799392
heart,2,0.003799392
grammaticus,2,0.003799392
genericname,2,0.003799392
ftid,2,0.003799392
fpublishdate,2,0.003799392
fourthtag,2,0.003799392
filename,2,0.003799392
fileextension,2,0.003799392
fifthtag,2,0.003799392
fieldref,2,0.003799392
ffxnewsstory,2,0.003799392
facebookurl,2,0.003799392
eq,2,0.003799392
endcategoryeditarea,2,0.003799392
enable,2,0.003799392
emdash,2,0.003799392
electronicaddresses,2,0.003799392
electronicaddress,2,0.003799392
eaddress,2,0.003799392
dodel,2,0.003799392
document,2,0.003799392
directlink,2,0.003799392
di,2,0.003799392
dev,2,0.003799392
destination,2,0.003799392
da,2,0.003799392
customhtml,2,0.003799392
csactionitem,2,0.003799392
cregion,2,0.003799392
credit,2,0.003799392
creatorcode,2,0.003799392
createddate,2,0.003799392
countrycode,2,0.003799392
contenttemplate,2,0.003799392
contentdivheight,2,0.003799392
confirm,2,0.003799392
commissionplancode,2,0.003799392
cobrandsitedomain,2,0.003799392
cmcache,2,0.003799392
chron,2,0.003799392
cfajaximport,2,0.003799392
cenetr,2,0.003799392
categoryeditarea,2,0.003799392
bunnyhero,2,0.003799392
bound,2,0.003799392
bod,2,0.003799392
bloquote,2,0.003799392
be,2,0.003799392
backup,2,0.003799392
background,2,0.003799392
articleurl,2,0.003799392
articles,2,0.003799392
answer,2,0.003799392
animate,2,0.003799392
align,2,0.003799392
alexandrinus,2,0.003799392
addr,2,0.003799392
abstracttext,2,0.003799392
aa,2,0.003799392
zmarquee,1,0.001899696
ziffimage,1,0.001899696
ymin,1,0.001899696
xxbody,1,0.001899696
xref,1,0.001899696
xlink,1,0.001899696
xblspron,1,0.001899696
xblkpron,1,0.001899696
wnphotodate,1,0.001899696
widget,1,0.001899696
whomever,1,0.001899696
whole,1,0.001899696
westmonasteriensis,1,0.001899696
weilheimensis,1,0.001899696
website,1,0.001899696
webmaster,1,0.001899696
webcontent,1,0.001899696
wavebroadband,1,0.001899696
wave,1,0.001899696
wadsworth,1,0.001899696
vzt,1,0.001899696
voxophone,1,0.001899696
viewscorecardpositions,1,0.001899696
viewport,1,0.001899696
viewfields,1,0.001899696
view,1,0.001899696
videos,1,0.001899696
version,1,0.001899696
verbatim,1,0.001899696
variant,1,0.001899696
valcommission,1,0.001899696
uri,1,0.001899696
uptime,1,0.001899696
updated,1,0.001899696
up,1,0.001899696
untags,1,0.001899696
uk,1,0.001899696
uf,1,0.001899696
tyrius,1,0.001899696
typeahead,1,0.001899696
tweet,1,0.001899696
ttl,1,0.001899696
trophy,1,0.001899696
trismegistus,1,0.001899696
trendlines,1,0.001899696
transylvanus,1,0.001899696
trail,1,0.001899696
trackonload,1,0.001899696
track,1,0.001899696
tqvisit,1,0.001899696
tornacensis,1,0.001899696
toolbar,1,0.001899696
tobdy,1,0.001899696
ti,1,0.001899696
thumbnailimage,1,0.001899696
thumbnail,1,0.001899696
this,1,0.001899696
thirdlevel,1,0.001899696
thessalius,1,0.001899696
the,1,0.001899696
term,1,0.001899696
tellmaharensis,1,0.001899696
taxondesc,1,0.001899696
tarsensis,1,0.001899696
target,1,0.001899696
tab,1,0.001899696
t,1,0.001899696
syracusanus,1,0.001899696
syndicator,1,0.001899696
syndicatedimage,1,0.001899696
sxcript,1,0.001899696
suntimes,1,0.001899696
submenu,1,0.001899696
subitem,1,0.001899696
subhead,1,0.001899696
sturluson,1,0.001899696
stuff,1,0.001899696
strang,1,0.001899696
storysumm,1,0.001899696
storybody,1,0.001899696
storm,1,0.001899696
storedisplayname,1,0.001899696
stong,1,0.001899696
stacktag,1,0.001899696
srong,1,0.001899696
src,1,0.001899696
squareimage,1,0.001899696
spn,1,0.001899696
spanve,1,0.001899696
spansearch,1,0.001899696
spamcatcher,1,0.001899696
spam,1,0.001899696
social,1,0.001899696
soan,1,0.001899696
snap,1,0.001899696
smallimage,1,0.001899696
smallfont,1,0.001899696
slideshow,1,0.001899696
siteid,1,0.001899696
site,1,0.001899696
simons,1,0.001899696
silvaticus,1,0.001899696
sideblock,1,0.001899696
sidebarcontent,1,0.001899696
sidebar,1,0.001899696
side,1,0.001899696
siculus,1,0.001899696
shawn,1,0.001899696
sharpie,1,0.001899696
sfdocready,1,0.001899696
seynensis,1,0.001899696
severus,1,0.001899696
setting,1,0.001899696
sethus,1,0.001899696
senior,1,0.001899696
selectedparams,1,0.001899696
selectedparameters,1,0.001899696
selction,1,0.001899696
selco,1,0.001899696
sel,1,0.001899696
secondlevel,1,0.001899696
secion,1,0.001899696
scrxipt,1,0.001899696
scrollend,1,0.001899696
scriptasync,1,0.001899696
scope,1,0.001899696
scholasticus,1,0.001899696
salesprice,1,0.001899696
rvilistlength,1,0.001899696
rsultats,1,0.001899696
roundedcolumnheight,1,0.001899696
romanus,1,0.001899696
rmisches,1,0.001899696
rightimage,1,0.001899696
rightcolumngroup,1,0.001899696
rightadsensecodehere,1,0.001899696
revisiondesc,1,0.001899696
reviews,1,0.001899696
review,1,0.001899696
returnurl,1,0.001899696
returns,1,0.001899696
resulttype,1,0.001899696
resp,1,0.001899696
request,1,0.001899696
reply,1,0.001899696
render,1,0.001899696
removeforprint,1,0.001899696
remensis,1,0.001899696
relatedasset,1,0.001899696
referrer,1,0.001899696
reemplazahtml,1,0.001899696
redonensis,1,0.001899696
rant,1,0.001899696
randomrightimage,1,0.001899696
rainbow,1,0.001899696
r,1,0.001899696
quicklinks,1,0.001899696
questions,1,0.001899696
question,1,0.001899696
pwafetch,1,0.001899696
published,1,0.001899696
psellus,1,0.001899696
protocol,1,0.001899696
prophet,1,0.001899696
promoblurb,1,0.001899696
projectcontent,1,0.001899696
primaryimagealttext,1,0.001899696
primaryimage,1,0.001899696
preface,1,0.001899696
pozitiay,1,0.001899696
postlink,1,0.001899696
porta,1,0.001899696
port,1,0.001899696
ponticus,1,0.001899696
poeta,1,0.001899696
plusone,1,0.001899696
please,1,0.001899696
playlistredirectionurl,1,0.001899696
planudes,1,0.001899696
placetype,1,0.001899696
placename,1,0.001899696
pinterest,1,0.001899696
pictaviensis,1,0.001899696
phrygius,1,0.001899696
phr,1,0.001899696
photographer,1,0.001899696
philosophus,1,0.001899696
phillisoodkr,1,0.001899696
philes,1,0.001899696
phalereus,1,0.001899696
pfp,1,0.001899696
personnameinverted,1,0.001899696
personname,1,0.001899696
periegeta,1,0.001899696
percentage,1,0.001899696
pepe,1,0.001899696
pepagomenus,1,0.001899696
pd,1,0.001899696
pby,1,0.001899696
pb,1,0.001899696
pathname,1,0.001899696
parisiensis,1,0.001899696
params,1,0.001899696
pant,1,0.001899696
pan,1,0.001899696
paid,1,0.001899696
pagination,1,0.001899696
pagewidth,1,0.001899696
pageid,1,0.001899696
pacificus,1,0.001899696
owner,1,0.001899696
overlay,1,0.001899696
ov,1,0.001899696
outer,1,0.001899696
otherfeeds,1,0.001899696
other,1,0.001899696
osmanisches,1,0.001899696
orgname,1,0.001899696
orderyear,1,0.001899696
orderby,1,0.001899696
opta,1,0.001899696
oppaviensis,1,0.001899696
opentracking,1,0.001899696
olympius,1,0.001899696
numkeyfr,1,0.001899696
numbertemplate,1,0.001899696
numberofreviews,1,0.001899696
num,1,0.001899696
nr,1,0.001899696
notineditor,1,0.001899696
notextile,1,0.001899696
notesxmlurl,1,0.001899696
normalfont,1,0.001899696
nomedoblog,1,0.001899696
noframe,1,0.001899696
nodesearchname,1,0.001899696
nodename,1,0.001899696
nodeid,1,0.001899696
no,1,0.001899696
nmwainclude,1,0.001899696
nlitemlist,1,0.001899696
nil,1,0.001899696
nextlinktemplate,1,0.001899696
newslegend,1,0.001899696
newdate,1,0.001899696
neta,1,0.001899696
narrative,1,0.001899696
nanus,1,0.001899696
mythographus,1,0.001899696
mysearch,1,0.001899696
mugellanus,1,0.001899696
msprm,1,0.001899696
mspace,1,0.001899696
moschopulus,1,0.001899696
moderator,1,0.001899696
modelids,1,0.001899696
modelid,1,0.001899696
mmultiscripts,1,0.001899696
minyear,1,0.001899696
minwidth,1,0.001899696
mini,1,0.001899696
mindate,1,0.001899696
metronet,1,0.001899696
methodname,1,0.001899696
methodcall,1,0.001899696
metaphrastes,1,0.001899696
metadata,1,0.001899696
message,1,0.001899696
meshlist,1,0.001899696
mesh,1,0.001899696
menuitem,1,0.001899696
menubar,1,0.001899696
medium,1,0.001899696
medicalspecialties,1,0.001899696
mctv,1,0.001899696
mc,1,0.001899696
maxtime,1,0.001899696
max,1,0.001899696
maurus,1,0.001899696
mattesillani,1,0.001899696
massiliensis,1,0.001899696
marochitanus,1,0.001899696
maincontentholder,1,0.001899696
maincontent,1,0.001899696
mailto,1,0.001899696
magistri,1,0.001899696
madison,1,0.001899696
luilvnjd,1,0.001899696
lucius,1,0.001899696
located,1,0.001899696
lnk,1,0.001899696
lllij,1,0.001899696
llie,1,0.001899696
lithe,1,0.001899696
linktoregioncontent,1,0.001899696
linkstitle,1,0.001899696
linksgroup,1,0.001899696
links,1,0.001899696
like,1,0.001899696
life,1,0.001899696
lf,1,0.001899696
lettus,1,0.001899696
leq,1,0.001899696
length,1,0.001899696
lehninensis,1,0.001899696
led,1,0.001899696
leadimage,1,0.001899696
ld,1,0.001899696
lcink,1,0.001899696
larolina,1,0.001899696
largus,1,0.001899696
laertius,1,0.001899696
labe,1,0.001899696
la,1,0.001899696
kindle,1,0.001899696
keyword,1,0.001899696
justify,1,0.001899696
jtball,1,0.001899696
jqwhitetoblue,1,0.001899696
jot,1,0.001899696
jobdescription,1,0.001899696
iv,1,0.001899696
iunior,1,0.001899696
itemscope,1,0.001899696
items,1,0.001899696
irer,1,0.001899696
ioldsborn,1,0.001899696
introtitle,1,0.001899696
introduction,1,0.001899696
inputtype,1,0.001899696
inputglow,1,0.001899696
inner,1,0.001899696
inlineadtag,1,0.001899696
init,1,0.001899696
inc,1,0.001899696
impanads,1,0.001899696
imon,1,0.001899696
imgsrc,1,0.001899696
imagethumb,1,0.001899696
im,1,0.001899696
il,1,0.001899696
iii,1,0.001899696
ifopfloor,1,0.001899696
hyperlink,1,0.001899696
hungarus,1,0.001899696
htsearch,1,0.001899696
htopbanner,1,0.001899696
htmlelement,1,0.001899696
htccomm,1,0.001899696
host,1,0.001899696
horse,1,0.001899696
hoodcanal,1,0.001899696
hometel,1,0.001899696
homepagecookie,1,0.001899696
hochenzoll,1,0.001899696
hlink,1,0.001899696
historicus,1,0.001899696
hide,1,0.001899696
hidden,1,0.001899696
hi,1,0.001899696
herpius,1,0.001899696
heracleensis,1,0.001899696
headingadsencecode,1,0.001899696
hash,1,0.001899696
hardreturn,1,0.001899696
halicarnassensis,1,0.001899696
halberstadensis,1,0.001899696
h90,1,0.001899696
h80,1,0.001899696
h10,1,0.001899696
h0,1,0.001899696
grain,1,0.001899696
goldenwest,1,0.001899696
go,1,0.001899696
glycas,1,0.001899696
gloss,1,0.001899696
get,1,0.001899696
geq,1,0.001899696
geneindexline,1,0.001899696
geek,1,0.001899696
gear,1,0.001899696
gathanks,1,0.001899696
gandeshemensis,1,0.001899696
fxe,1,0.001899696
ftdef,1,0.001899696
friendlyurls,1,0.001899696
frames,1,0.001899696
frac,1,0.001899696
formview,1,0.001899696
format,1,0.001899696
flu,1,0.001899696
float,1,0.001899696
figurecaption,1,0.001899696
fig,1,0.001899696
fieldname,1,0.001899696
fidati,1,0.001899696
feraizicizade,1,0.001899696
fefuncr,1,0.001899696
fefuncg,1,0.001899696
fefuncb,1,0.001899696
feff,1,0.001899696
feed,1,0.001899696
fecomponenttransfer,1,0.001899696
fcaption,1,0.001899696
fbyline,1,0.001899696
exalted,1,0.001899696
evangelist,1,0.001899696
eremita,1,0.001899696
ephesius,1,0.001899696
epasidebar,1,0.001899696
epadateurl,1,0.001899696
epabreadcrumbs,1,0.001899696
eoneusername,1,0.001899696
eonepromotion,1,0.001899696
eonenotloggedin,1,0.001899696
eonenavigationforward,1,0.001899696
eonenavigationback,1,0.001899696
eonemember,1,0.001899696
eoneloggedin,1,0.001899696
eonelinkdesc,1,0.001899696
eoneincludefile,1,0.001899696
eonefunctionavailable,1,0.001899696
eonefirstname,1,0.001899696
eonecartsubtotalexcludingshipping,1,0.001899696
eonecart,1,0.001899696
entry,1,0.001899696
enter,1,0.001899696
endindex,1,0.001899696
endeavor,1,0.001899696
enddate,1,0.001899696
enclosure,1,0.001899696
empiricus,1,0.001899696
emit,1,0.001899696
emesenus,1,0.001899696
editcard,1,0.001899696
editable,1,0.001899696
eci,1,0.001899696
dummy,1,0.001899696
dive,1,0.001899696
distinctivetitle,1,0.001899696
disallowedhr,1,0.001899696
dim,1,0.001899696
detailsview,1,0.001899696
detail,1,0.001899696
descripy,1,0.001899696
descripcion,1,0.001899696
deptlinklist,1,0.001899696
definition,1,0.001899696
debug,1,0.001899696
ddd,1,0.001899696
dbbind,1,0.001899696
cyrenensis,1,0.001899696
cy,1,0.001899696
cut,1,0.001899696
currentdate,1,0.001899696
csif,1,0.001899696
cset,1,0.001899696
cselse,1,0.001899696
crgenchannels,1,0.001899696
cretensis,1,0.001899696
crescentinas,1,0.001899696
credits,1,0.001899696
countboxes,1,0.001899696
coucy,1,0.001899696
contributorrole,1,0.001899696
contributor,1,0.001899696
continue,1,0.001899696
contenttext,1,0.001899696
contentgroup,1,0.001899696
contentbanner,1,0.001899696
container,1,0.001899696
contactinfo,1,0.001899696
contact,1,0.001899696
confessor,1,0.001899696
component,1,0.001899696
commit,1,0.001899696
comments,1,0.001899696
comic,1,0.001899696
color,1,0.001899696
club,1,0.001899696
clientname,1,0.001899696
client,1,0.001899696
class,1,0.001899696
citations,1,0.001899696
citation,1,0.001899696
cit,1,0.001899696
cilicius,1,0.001899696
chrysostomus,1,0.001899696
chrysoloras,1,0.001899696
change,1,0.001899696
chalcenterus,1,0.001899696
centers,1,0.001899696
cencias,1,0.001899696
categoryminprice,1,0.001899696
casscomm,1,0.001899696
casecontent,1,0.001899696
cartusianus,1,0.001899696
capsule,1,0.001899696
capella,1,0.001899696
cantuarensis,1,0.001899696
caelius,1,0.001899696
caecus,1,0.001899696
cabcpm,1,0.001899696
c,1,0.001899696
byzantinus,1,0.001899696
bxe,1,0.001899696
burial,1,0.001899696
buonarroti,1,0.001899696
bull,1,0.001899696
brulefer,1,0.001899696
bread,1,0.001899696
bre,1,0.001899696
bracket,1,0.001899696
bracarensis,1,0.001899696
bottomsection,1,0.001899696
bottomchat,1,0.001899696
bottom,1,0.001899696
bosoviensis,1,0.001899696
bosnavi,1,0.001899696
bohicus,1,0.001899696
bogus,1,0.001899696
blogtagsblock,1,0.001899696
blogtags,1,0.001899696
blogprofilelinkblock,1,0.001899696
blogpreviousitemsblock,1,0.001899696
blogpreviousitems,1,0.001899696
blogposttagsblock,1,0.001899696
blogposttags,1,0.001899696
blogpostcategoriesblock,1,0.001899696
blogpostcategories,1,0.001899696
bloglinkdumpblock,1,0.001899696
blogitemcommentsenabled,1,0.001899696
blogitembacklinksenabled,1,0.001899696
bloggerarchives,1,0.001899696
blogextendedpost,1,0.001899696
blogcomment,1,0.001899696
blogcategoriesblock,1,0.001899696
birgivi,1,0.001899696
bingensis,1,0.001899696
bentius,1,0.001899696
begin,1,0.001899696
bbprodwarranty,1,0.001899696
bbprodstoring,1,0.001899696
bbprodshipping,1,0.001899696
bbprodshaping,1,0.001899696
bbprodlights,1,0.001899696
bbprodincludes,1,0.001899696
bbprodfoilage,1,0.001899696
bbproddesc,1,0.001899696
bbprodcustomers,1,0.001899696
bbprodcustomercare,1,0.001899696
bbprodcrosssell,1,0.001899696
bbprodassembly,1,0.001899696
baron,1,0.001899696
autor,1,0.001899696
augustodunensis,1,0.001899696
augiensis,1,0.001899696
attrib,1,0.001899696
aspectratio,1,0.001899696
arvig,1,0.001899696
arttextxml,1,0.001899696
artlink,1,0.001899696
articletitlehere,1,0.001899696
articletext,1,0.001899696
argentinensis,1,0.001899696
areopagita,1,0.001899696
archive,1,0.001899696
apply,1,0.001899696
application,1,0.001899696
apple,1,0.001899696
apostolius,1,0.001899696
any,1,0.001899696
altissiodorensis,1,0.001899696
alkaline,1,0.001899696
alighieri,1,0.001899696
al,1,0.001899696
aiguani,1,0.001899696
affinity,1,0.001899696
aegyptius,1,0.001899696
advertisers,1,0.001899696
adsense,1,0.001899696
addcard,1,0.001899696
acciaiolus,1,0.001899696
abm,1,0.001899696
abderita,1,0.001899696
ab,1,0.001899696